{
    "timestamp": "2024-02-04T01:28:06.722189",
    "heart_rate": 93,
    "skin_temp": 37.07564409148107
}