{
    "timestamp": "2024-02-02T17:42:50.257151",
    "heart_rate": 0.8,
    "skin_temp": 37.44681101404879
}